lplqtbhrfrrf,goktcjeurdpd,8517067
cnhwxfuhetoi,jcefegjqmhsf,3156141
gwlpshpaeejd,nmfhpjjbhzix,6345353
jasscftkvjfg,lznsiwplhuau,2705337
arokfpprjpmg,itfgjwyafigb,6436850
lsyoqroeihnr,xfbbwwytiutd,0743453
hofqipikojco,vsxzsegwgogx,4971756
umrrpcglmvrs,epvfyunqwpyk,9294856
nesomouusjif,cqxrhaqxplti,9050097
ujmnzwproaij,tpuqtdxtibuf,0920814
kbendlwrmgnz,lmgomsenhlto,9110030
dgekycsaaavf,sxzjzotrqgpd,7549355
atelebhgvsyf,oodvoiedchsj,3507987
kacqldhpolmz,hkcrjjuzcbpp,5002805
bwaycnhwqzxw,vsmhxyheggjp,9197760
pfurxgsqhovx,smgzsstgifnb,1465363
ahiojxceuufi,ayzhppmquloh,3551188
odcsqqhtovjq,tqqlrnvzugwz,5650329
nwbafpoklauz,xvugbocqgvqv,9310381
tfcmqtanikdf,abwprwspmmut,0534429
svyouziaapcq,esessgikvqfw,3205947
uzabmlxsempd,ngqtlhzizhdp,3554695
gtqrbgzokoat,ysqcydtyvlnc,1862234
evpagbfxaarx,jcwljlkiindb,4463792
jaincgeymtmt,psmgmtazrqsm,8728255
ztihbaaiedeo,xmrpqrzxqaqy,8514374
mfnhacmyphrw,iirpabtlaxnc,5324728
wkjejxrnfafl,zrgltzleafpg,5977414
dasqvjvkzoao,safrwogguxss,8545537
povparhaabfs,gnhkwxsuixoi,1308199
rhasqihlfqkx,zqjwbsifzghx,3778132
sxdpsnkbbyze,pvnuspqbcudn,8960544
wmcmpzutzswl,vtdhbtswyibk,0365216
eqneoblkyrvu,awxhnzhxsohv,8316888
fewjunvhvpea,awvxoycngboj,7512031
ulnoteyjmvrx,ruiwmccqofds,2103106
msvnekceqico,srgacpburjbd,7335830
omysogpjjqkb,gukhffnsblha,5241331
fvnjmfgjxeoz,ofciffgbpuje,4279843
wpgqfbjodaij,ufjbitmstmeq,5190189
nqrypnxdejzr,rpehnvqtquri,5989448
jkovijzumtxw,zwygmdvcjddy,6467482
tvuphvraubsf,ijnldnnpmwoo,3862408
spsvtftgfpnd,dmirjuahofmx,9387583
glykhglichis,lqqzwuifkqiz,8908472
vztvthkbjiox,zbtoypoliogc,9366295
ijkmolalnafe,qoxdefliwthk,2661503
qbvwcymtydtb,vwzwunjfzxfm,8647983
oguswhydoiek,sbhztvgzgbbj,3213900
lscdedigmykr,lbmlqvugrprh,8393259
yvmbdtqaynqx,nobloyajvjec,6889630
aasolqopkfws,feeqndivjwpl,9517658
ouhdfuduhsml,apqihumbcdas,2033317
lrexygyhnjuy,prqczezzkfcc,6768562
ncjaiknyqhnn,lsuoyvpsfoui,9402394
kkgcjatlqcph,zorxfmbuvpun,5456955
lshfmgfcyiio,bkcxzcltimdz,8650808
bcjmqfoyadds,rjmasjnuaacz,1661058
oezrfnosvfpf,rbeqyhzmxspf,8069969
aixfskablosm,rkgmobrzwcai,2451558
guuhmxhiagmr,azrhdngbokmv,5797552
idjbnaurayky,yywmarxiwbgq,8092318
hcxckihqnnxg,iymfpvcgimer,2593087
bnvuoggvdeea,quiftiqksfws,0797705
hfecsuuikryl,kieofanzpklj,2732619
sphpnjgytoeh,uxylwyuhmdft,3417774
tbvpcxkikqns,eqtukvlcktul,8331015
avuwbnwzuzhm,nlsnefslcwir,9929913
psjooqapoqhp,ofmnvdbrazok,2845158
wkykbuglfuzo,wkbngicifmgr,8022121
okxawijmufwj,jpxnvkecqwku,4699075
ejnwkscofeol,caqmpxnwlalf,1894929
tsletdnrwbkq,ncigomulueeo,8376292
wgtxanwfycfc,jjgachyrjiwo,8423180
ewqvdozfczta,wvoovfifwdcd,0079971
pmfmlwhlrcab,wncjvmvqafcm,6059465
zpfjqrqyudwf,krzbcisyxpve,1952265
lwvwsddtqsku,vggwxxwtexol,5652249
kpcnrkxxxtrr,ogvqiuibleiu,2559599
mvvnwhhamggu,ywtibwkcmoid,1785758
ftczojtlbgeq,zkqbooychcmu,0512483
tgzmktpvktky,ftymboxeqzxm,0339714
vnmuoqrumgty,ddgchvryypsw,6110191
schbufkvwxnu,qpzauffwcqgm,9313421
swayqjkcsrfv,dqhvjmmhsygf,5667914
wsipxzqmrysq,ecfgnllksnkx,1752898
cfsnvorpdjtz,iuujmdyiisfz,0735604
yzykohmsunkd,uxtecwqzsskp,3085556
bjcqlucupnlj,xbastxrqydss,0503261
hxvhoknmjwwa,axcvireacmky,7830422
wdkkdnkawtdz,wiowwubydbeo,6139973
wbaitjwjatrt,sxvaaxjglzni,0628423
jvfzlvtynzpa,igptfhzmaepu,7395176
uavpqzlkihwv,mugmdtojtdam,7689691
iofqbdqxtuql,njbfulpdewcr,7780309
ewlienhkcusf,simithdreols,2023110
ckkecfagdilg,quofphfebwok,2450841
wuysxievnllq,fdfdyfkeuceq,1658519
kjgmfcqkizrd,gdyyumyrnbvf,7510348
iwtiidfnvzkh,vzkgibiqqwbg,5681873
